title,link,time
浅谈测试环境,http://www.testclass.net/2018/10/18/test_env/,发布时间 2018年10月18日
使用验收标准来进行高效学习,http://www.testclass.net/2018/10/10/learn_with_target/,发布时间 2018年10月10日
如何学习重要的css属性,http://www.testclass.net/2018/09/27/css_attributes/,发布时间 2018年9月27日
2018校招初感,http://www.testclass.net/2018/09/20/school_recruit/,发布时间 2018年9月20日
你是不是那个带不动的队友,http://www.testclass.net/2018/09/06/about_recruit/,发布时间 2018年9月6日
使用python实现测试工具(四),http://www.testclass.net/2018/08/21/simple_test_tool_4/,发布时间 2018年8月21日
你为什么会加班?,http://www.testclass.net/2018/08/10/overtime/,发布时间 2018年8月10日
当前测试人员应该具备的基本技能,http://www.testclass.net/2018/08/10/current_skills/,发布时间 2018年8月10日
使用python实现测试工具(三),http://www.testclass.net/2018/08/01/simple_test_tool_3/,发布时间 2018年8月1日
puppeteer:官方出品的chrome浏览器自动化测试工具,http://www.testclass.net/2018/07/26/puppeteer/,发布时间 2018年7月26日
使用“数据驱动测试”之前应该知道的,http://www.testclass.net/2018/07/26/data-driver-01/,发布时间 2018年7月26日
使用python实现测试工具(二),http://www.testclass.net/2018/07/11/simple_test_tool_2/,发布时间 2018年7月11日
使用python实现测试工具(一),http://www.testclass.net/2018/07/10/simple_test_tool_1/,发布时间 2018年7月10日
2018年年中网络直播课开课通知,http://www.testclass.net/2018/07/09/new_lesson/,发布时间 2018年7月9日
一步一步教你打造接口测试平台(2),http://www.testclass.net/2018/06/21/interface_test_platform_step_by_step_2/,发布时间 2018年6月21日
一步一步教你打造接口测试平台(1),http://www.testclass.net/2018/06/20/interface_test_platform_step_by_step_1/,发布时间 2018年6月20日
"加班到半夜时,你有没有留下过没有技术的泪水",http://www.testclass.net/2018/05/29/code_management/,发布时间 2018年5月29日
如何使用jenkins自动部署java应用,http://www.testclass.net/2018/05/29/how_to_use_jenkins_deploy_java_app/,发布时间 2018年5月29日
selenium是如何启动浏览器的,http://www.testclass.net/2018/05/17/how_selenium_start_browser/,发布时间 2018年5月17日
适合初学者的python实际例子,http://www.testclass.net/2018/05/10/python_example/,发布时间 2018年5月10日
最新的爬虫工具requests-html,http://www.testclass.net/2018/04/25/requests-html/,发布时间 2018年4月25日
性能测试场景，花5分钟了解一下?,http://www.testclass.net/2018/04/19/perf_scenario/,发布时间 2018年4月19日
从高级测试到测试开发,http://www.testclass.net/2018/04/09/to_test_development/,发布时间 2018年4月9日
语言本身和代码规范哪个更重要？,http://www.testclass.net/2018/03/30/good_programming/,发布时间 2018年3月30日
小白学python时最容易犯的6个错误,http://www.testclass.net/2018/03/27/python_beginner/,发布时间 2018年3月27日
接口自动化测试？平台VS框架,http://www.testclass.net/2018/03/25/if-platform-vs-framework/,发布时间 2018年3月25日
开班通知！>> Selenium自动化测试 & 接口自动化测试开发,http://www.testclass.net/2018/03/25/notice-of-commencement/,发布时间 2018年3月25日
为什么你需要测试某个字段为空的场景,http://www.testclass.net/2018/03/17/null_value/,发布时间 2018年3月17日
那些年我从入门到放弃的各种编程语言,http://www.testclass.net/2018/03/15/expire_tech/,发布时间 2018年3月15日
从爱奇艺招聘信息看当前测试开发的技能要求,http://www.testclass.net/2018/03/12/test_recruitment_analysis/,发布时间 2018年3月12日
开课通知：Android测试开发--Java语言,http://www.testclass.net/2018/03/05/android_test_class/,发布时间 2018年3月5日
测试圈TC：又到一年换工作季,http://www.testclass.net/2018/03/05/find_work_advice/,发布时间 2018年3月5日
测试的一点思考,http://www.testclass.net/2018/01/29/test-and-think/,发布时间 2018年1月29日
不断演进的分层测试模型,http://www.testclass.net/2018/01/25/test_level/,发布时间 2018年1月25日
用Python来玩微信《跳一跳》分析,http://www.testclass.net/2018/01/22/wechat-jump-analysis/,发布时间 2018年1月22日
再谈测试人员的核心竞争力,http://www.testclass.net/2018/01/09/tester_skills/,发布时间 2018年1月9日
DevOps/TestOps概念,http://www.testclass.net/2018/01/08/devops-and-testops/,发布时间 2018年1月8日
我是如何测试hello world的,http://www.testclass.net/2018/01/08/how_to_test_hello_world/,发布时间 2018年1月8日
开课通知：性能测试从入门到精通班,http://www.testclass.net/2018/01/04/notice-of-commencement2/,发布时间 2018年1月4日
如何测试hello world,http://www.testclass.net/2018/01/03/how_i_test_hello_world/,发布时间 2018年1月3日
如何衡量测试人员的产出,http://www.testclass.net/2017/12/21/test_output/,发布时间 2017年12月21日
测试圈TC：写给想辞职学习的你,http://www.testclass.net/2017/12/11/quit-after-study/,发布时间 2017年12月11日
测试左移和测试右移,http://www.testclass.net/2017/12/11/shift-left-and-shift-right/,发布时间 2017年12月11日
轻量级Selenium测试框架pyse,http://www.testclass.net/2017/12/04/pyse-framework/,发布时间 2017年12月4日
如何尽可能避免漏测,http://www.testclass.net/2017/11/29/case/,发布时间 2017年11月29日
测试圈TC：你求推荐的文章或者书籍，视频都在这里了!,http://www.testclass.net/2017/11/27/q-a-20171127/,发布时间 2017年11月27日
测试圈TC：双11期间，我选择了这5本书!,http://www.testclass.net/2017/11/20/five-books/,发布时间 2017年11月20日
测试圈TC：“测试开发”需要哪些技能？用数据说话！,http://www.testclass.net/2017/11/13/test-development/,发布时间 2017年11月13日
《IntelliJ-IDEA-Tutorial》教程发布,http://www.testclass.net/2017/11/06/add-idea-tutorial/,发布时间 2017年11月6日
测试圈TC：做你自己的大牛,http://www.testclass.net/2017/11/06/youself-big-god/,发布时间 2017年11月6日
测试圈TC：工程师的成长与坚持,http://www.testclass.net/2017/10/30/growth-and-persistence/,发布时间 2017年10月30日
测试圈TC：编程与写作,http://www.testclass.net/2017/10/23/programming-and-writing/,发布时间 2017年10月23日
测试圈TC：Python测试框架最全资源汇总,http://www.testclass.net/2017/10/16/python-test-list/,发布时间 2017年10月16日
测试圈TC：测试人员的两级分化,http://www.testclass.net/2017/10/09/tester_polarizes/,发布时间 2017年10月9日
测试圈TC：如何写出测不出bug的测试用例,http://www.testclass.net/2017/10/09/how-to-write-test-cases/,发布时间 2017年10月9日
测试教程网：祝各位测试同学国庆&中秋快乐！,http://www.testclass.net/2017/09/28/happy-holidays/,发布时间 2017年9月28日
测试圈TC：《2017测试行业状况调查报告》,http://www.testclass.net/2017/09/25/state-of-testing-report-2017/,发布时间 2017年9月25日
测试圈TC：软件测试人员必备知识工具清单,http://www.testclass.net/2017/09/25/tester-knowledge-list/,发布时间 2017年9月25日
测试圈TC：测试同学难道要写一辈子Hello World?,http://www.testclass.net/2017/09/18/tester-a-lifetime-hello-world/,发布时间 2017年9月18日
测试圈TC：创业公司 VS 大公司,http://www.testclass.net/2017/09/11/small-big-company/,发布时间 2017年9月11日
测试圈TC：接口测试需要验证数据库么？,http://www.testclass.net/2017/09/11/interface-test-db/,发布时间 2017年9月11日
测试圈TC：写给一直在背锅的你,http://www.testclass.net/2017/08/29/test-back-pot-man/,发布时间 2017年8月29日
JMeter官方文档--翻译计划,http://www.testclass.net/2017/08/24/jmeter-translation-plans/,发布时间 2017年8月24日
测试圈TC：bug的一生,http://www.testclass.net/2017/08/22/bug-a-lifetime/,发布时间 2017年8月22日
测试圈TC：如何在实际工作开展性能测试？,http://www.testclass.net/2017/08/22/performance-at-work/,发布时间 2017年8月22日
视频教程发布公告,http://www.testclass.net/2017/08/16/video_class/,发布时间 2017年8月16日
appium系列教程发布,http://www.testclass.net/2017/08/09/appium_release/,发布时间 2017年8月9日
公告：服务器迁移完成,http://www.testclass.net/2017/08/08/notice/,发布时间 2017年8月8日
python selenium系列教程发布,http://www.testclass.net/2017/07/25/python_release/,发布时间 2017年7月25日
学习线路图,http://www.testclass.net/2017/07/09/roadmap/,发布时间 2017年7月9日
2017年度计划,http://www.testclass.net/2017/07/05/plan/,发布时间 2017年7月5日
测试同学如何学习前端,http://www.testclass.net/1/01/01/how-to-learn-frontend/,发布时间 0001年1月1日
